studytime,traveltime,failures,freetime,absences,G1,G2,G3
2,2,0,3,6,5,6,6
2,1,0,3,4,5,5,6
2,1,3,3,10,7,8,10
3,1,0,2,2,15,14,15
2,1,0,3,4,6,10,10
2,1,0,4,10,15,15,15
2,1,0,4,0,12,12,11
2,2,0,1,6,6,5,6
2,1,0,2,0,16,18,19
2,1,0,5,0,14,15,15
2,1,0,3,0,10,8,9
3,3,0,2,4,10,12,12
1,1,0,3,2,14,14,14
2,2,0,4,2,10,10,11
3,1,0,5,0,14,16,16
1,1,0,4,4,14,14,14
3,1,0,2,6,13,14,14
2,3,0,3,4,8,10,10
1,1,3,5,16,6,5,5
1,1,0,1,4,8,10,10
2,1,0,4,0,13,14,15
1,1,0,4,0,12,15,15
2,1,0,5,2,15,15,16
2,2,0,4,0,13,13,12
3,1,0,3,2,10,9,8
1,1,2,2,14,6,9,8
1,1,0,2,2,12,12,11
1,1,0,2,4,15,16,15
2,1,0,3,4,11,11,11
2,1,0,4,16,10,12,11
2,1,0,4,0,9,11,12
2,2,0,3,0,17,16,17
2,1,0,5,0,17,16,16
2,1,0,3,0,8,10,12
1,1,0,4,0,12,14,15
1,2,0,5,0,8,7,6
3,1,0,4,2,15,16,18
3,2,0,4,7,15,16,15
3,1,0,3,2,12,12,11
1,1,0,3,8,14,13,13
2,2,1,3,25,7,10,11
1,1,0,4,8,12,12,12
2,1,0,3,2,19,18,18
1,1,0,4,0,8,8,11
2,2,1,3,14,10,10,9
2,1,0,2,8,8,8,6
2,1,0,3,12,11,12,11
4,1,0,2,4,19,19,20
2,1,0,3,2,15,15,14
2,1,1,4,2,7,7,7
2,3,0,3,2,12,13,13
2,1,0,3,2,11,13,13
1,2,1,5,6,11,11,10
1,1,0,3,0,8,10,11
1,1,0,3,6,10,13,13
2,1,0,3,8,8,9,10
2,1,0,3,0,14,15,15
2,1,0,2,4,14,15,15
2,1,0,3,2,9,10,9
2,1,0,2,2,15,16,16
2,1,0,4,6,10,11,11
1,4,0,5,6,10,8,11
2,1,0,4,4,8,10,9
3,1,0,4,2,10,9,9
2,1,0,4,0,10,10,10
2,3,0,4,2,16,15,15
4,1,0,3,4,13,13,12
4,1,0,3,4,7,7,6
2,2,0,1,2,8,9,8
4,2,0,4,12,16,16,16
4,2,0,3,0,13,15,15
4,1,0,3,0,10,10,10
2,1,2,3,2,8,6,5
1,1,0,3,2,12,12,14
2,1,0,3,54,11,12,11
2,1,0,3,6,9,9,10
4,2,0,4,8,11,11,10
4,1,0,2,0,11,11,11
1,2,3,5,2,8,8,10
2,1,0,4,12,5,5,5
1,1,0,2,2,10,12,12
3,1,0,3,4,11,10,11
2,1,0,4,10,7,6,6
2,2,0,3,4,15,15,15
2,1,0,3,2,9,10,10
2,2,2,4,6,7,9,8
2,1,0,3,4,8,7,6
3,1,0,3,4,13,14,14
2,2,1,4,12,11,10,10
2,1,0,1,18,8,6,7
3,1,0,3,0,7,7,8
1,1,0,5,4,16,17,18
2,1,0,3,4,7,6,6
2,2,0,3,0,11,10,10
4,1,0,3,6,11,13,14
4,2,1,1,2,7,10,10
1,2,0,3,2,11,15,15
2,1,0,3,2,8,9,10
1,1,0,3,6,11,14,14
3,1,0,3,0,7,9,8
1,1,0,5,14,7,7,5
3,1,0,4,0,16,17,17
1,1,0,3,4,10,13,14
2,2,0,3,26,7,6,6
2,1,0,4,0,16,18,18
4,1,0,3,10,10,11,11
4,1,0,1,8,7,8,8
3,1,0,3,2,16,18,18
4,4,0,3,6,10,13,13
3,1,0,4,4,14,15,16
1,1,0,5,6,18,19,19
3,1,1,1,0,7,10,10
2,1,1,1,6,10,13,13
1,1,0,5,10,18,19,19
2,1,0,4,8,9,9,9
2,1,0,4,2,15,15,16
2,2,0,4,2,11,13,14
1,2,0,4,0,13,14,13
2,3,1,2,20,9,7,8
1,1,0,4,6,14,13,13
2,1,0,2,2,16,15,15
4,1,0,5,6,16,14,15
2,2,0,2,2,13,13,13
1,1,0,4,18,14,11,13
2,1,0,4,0,8,7,8
1,1,0,5,0,13,13,12
2,1,0,3,0,7,10,11
2,1,3,4,2,7,8,9
1,1,2,3,0,7,4,0
1,1,0,5,8,18,18,18
3,2,2,2,0,12,0,0
1,3,0,3,0,8,0,0
1,1,0,4,12,10,13,12
1,1,0,2,16,12,11,11
2,4,0,3,0,9,0,0
3,1,0,3,0,11,0,0
2,3,0,4,0,10,0,0
1,2,2,3,0,4,0,0
2,1,1,4,0,14,12,12
1,2,0,3,0,16,16,15
4,2,0,2,0,7,9,0
1,2,2,3,8,9,9,9
3,1,0,2,2,9,11,11
1,1,0,4,2,14,14,13
1,1,3,4,0,5,0,0
2,1,0,4,0,8,11,11
2,1,3,3,0,6,7,0
2,1,0,3,2,10,11,11
1,1,0,3,0,7,6,0
1,4,3,5,0,8,9,10
1,1,3,3,0,6,5,0
1,1,1,4,6,12,13,14
3,2,2,2,8,10,10,10
1,1,3,5,0,5,0,0
1,1,0,2,0,11,11,12
2,1,0,4,2,11,8,8
1,1,0,2,8,16,12,13
1,3,3,2,6,9,8,10
1,3,0,2,2,17,15,15
2,1,1,5,4,10,12,12
1,2,2,3,0,7,6,0
2,2,2,4,6,5,9,7
1,2,1,4,0,7,0,0
1,1,0,3,2,10,10,10
2,4,3,3,0,5,8,7
1,2,1,5,16,12,11,12
2,1,0,3,4,10,10,10
2,1,0,2,0,14,15,16
2,1,0,1,0,6,7,0
2,1,0,4,0,14,14,14
1,3,2,4,0,6,5,0
2,2,0,3,2,13,15,16
2,1,0,4,0,13,11,10
2,1,3,3,0,8,7,0
2,2,0,4,4,10,11,9
2,2,0,4,4,10,9,9
2,2,0,4,2,13,13,11
2,1,0,3,4,6,5,6
1,1,0,3,10,10,8,9
2,1,0,2,4,10,10,11
2,1,0,4,10,9,8,8
2,1,0,2,2,12,13,12
2,1,0,4,0,16,17,17
2,1,0,3,56,9,9,8
2,1,0,2,14,12,13,12
2,1,0,3,12,12,12,11
1,1,0,3,2,11,12,11
2,1,0,2,0,15,15,15
2,1,0,3,6,8,7,9
2,1,0,1,4,8,9,10
2,1,0,3,10,11,12,13
2,1,0,3,0,8,8,9
2,2,0,4,12,7,8,8
1,1,0,3,8,8,9,10
1,2,0,3,0,13,14,14
2,1,0,3,0,14,15,15
1,1,0,2,4,17,15,16
1,3,0,3,8,9,9,10
1,2,1,2,24,18,18,18
2,1,0,5,0,9,9,10
2,1,0,3,2,16,16,16
2,1,0,4,6,8,10,10
2,1,0,4,4,9,9,10
1,1,0,3,18,7,6,6
4,2,0,3,6,10,10,11
3,1,1,4,28,10,9,9
2,1,3,3,5,7,7,7
2,1,0,3,10,11,12,13
1,2,0,3,6,9,9,10
3,2,0,4,6,7,7,7
4,1,0,3,10,8,8,8
2,1,0,3,13,12,12,13
2,1,0,3,0,12,13,14
2,1,1,4,15,6,7,8
1,1,0,2,12,8,10,10
2,2,0,4,2,14,15,15
2,1,2,4,22,6,6,4
2,1,1,2,13,6,6,8
1,2,0,3,3,7,7,8
3,1,0,3,4,9,10,10
2,2,0,2,2,6,6,6
3,1,1,3,0,6,5,0
2,1,0,3,2,16,16,17
2,2,0,3,0,12,13,13
3,1,0,3,0,13,13,14
2,1,1,3,16,9,8,7
2,1,0,3,10,16,15,15
2,1,0,3,2,12,11,12
2,4,0,3,14,10,8,9
3,2,0,2,10,12,10,12
2,1,0,2,14,13,13,14
2,2,0,5,4,11,11,11
2,1,0,5,14,11,9,9
2,1,0,2,2,14,13,13
2,2,0,4,18,9,7,6
3,2,0,3,10,11,9,10
2,1,0,4,4,14,13,13
1,1,0,5,20,13,12,12
2,3,0,1,2,13,11,11
2,1,1,5,0,7,7,0
2,2,0,5,14,12,12,12
2,2,0,3,2,10,11,12
1,1,0,4,0,6,0,0
1,1,0,3,0,13,12,12
3,2,0,4,0,7,0,0
1,3,0,3,6,18,18,18
1,2,0,2,4,12,12,13
1,1,3,4,16,6,8,8
2,1,1,3,8,3,5,5
1,1,0,3,0,13,15,15
1,2,1,4,0,6,8,8
2,3,0,3,6,7,10,10
1,1,1,2,4,6,9,8
1,2,0,3,0,8,9,8
1,1,0,4,0,8,12,12
1,2,1,4,2,7,9,8
4,1,0,2,6,14,12,13
2,1,0,3,12,11,11,11
2,1,0,2,8,15,14,14
4,1,0,4,0,10,9,0
2,1,0,1,21,17,18,18
2,1,0,3,2,8,8,8
3,1,0,3,1,13,12,12
3,1,0,2,4,10,9,9
3,1,0,3,0,9,10,0
2,2,0,2,13,17,17,17
2,1,0,4,2,9,9,10
2,2,0,3,8,12,10,11
2,1,0,4,10,10,9,10
2,2,0,3,0,6,0,0
2,1,2,3,15,9,9,9
4,1,0,5,4,15,14,14
2,2,0,4,2,11,11,11
2,1,0,5,2,15,14,14
2,2,0,3,2,10,10,10
2,2,0,4,6,12,12,12
2,2,0,1,75,10,9,9
1,2,0,2,22,9,9,9
2,1,1,4,15,9,8,8
1,2,0,2,8,10,11,10
1,2,0,5,30,8,8,8
1,1,1,4,19,11,9,10
4,2,0,2,1,12,12,12
2,2,0,4,4,8,9,10
2,1,0,4,4,10,9,11
2,1,0,3,2,12,10,11
3,1,0,3,5,18,18,19
3,1,0,3,6,13,12,12
3,1,0,2,6,15,14,14
2,1,0,4,9,15,13,15
2,1,0,3,11,12,11,11
3,1,0,2,0,15,15,15
2,1,1,4,12,12,12,13
4,2,0,1,6,18,18,18
3,2,0,4,8,14,13,14
1,1,0,4,4,14,12,11
2,2,0,3,0,10,9,0
2,2,0,4,10,10,8,8
4,1,0,3,0,14,13,14
1,1,0,4,5,16,15,16
2,1,0,2,14,12,10,11
1,2,0,1,0,11,11,10
3,2,0,3,0,15,12,14
4,1,0,2,0,17,17,18
2,1,1,4,20,15,14,13
2,1,1,4,8,14,12,12
1,1,0,5,0,17,18,18
1,2,1,3,38,8,9,8
2,1,1,5,0,15,12,12
2,1,1,4,18,12,10,10
2,1,1,2,0,9,9,0
2,3,0,4,20,14,12,13
2,1,1,5,3,13,11,11
2,2,1,2,22,13,10,11
3,1,2,1,14,15,13,13
3,1,1,1,40,13,11,11
2,2,0,3,0,8,8,0
3,1,0,3,9,9,10,9
3,1,0,3,0,11,11,10
2,1,0,4,2,11,11,11
2,1,0,2,23,13,13,13
2,1,0,2,12,11,9,9
3,1,0,3,3,11,11,11
3,1,0,4,1,12,14,15
3,2,0,3,0,16,15,15
3,1,0,3,3,9,12,11
1,1,0,3,3,14,15,16
1,4,0,4,8,11,10,10
3,1,0,4,7,10,9,9
3,2,0,3,4,14,14,14
4,1,0,5,2,9,8,8
3,1,0,4,7,12,14,14
2,1,0,3,0,7,0,0
2,1,0,3,0,8,8,0
4,2,0,4,0,10,9,0
3,1,0,4,16,16,15,15
3,1,1,4,12,14,13,13
2,1,0,3,0,7,8,0
4,1,0,3,7,16,15,17
2,1,0,3,4,9,10,10
3,1,1,3,4,11,12,11
2,1,1,3,0,10,10,0
2,1,0,3,11,16,15,15
2,1,1,3,0,9,8,0
3,1,0,3,4,11,10,10
3,1,0,4,7,13,13,14
3,1,0,3,9,16,15,16
3,1,0,4,0,10,10,9
3,1,0,4,0,13,15,15
1,2,1,5,10,11,13,13
2,3,3,4,8,8,7,8
2,2,0,5,2,13,13,13
1,1,1,3,7,8,7,8
1,3,1,4,4,8,8,8
2,2,0,5,4,13,11,11
2,1,0,3,0,10,9,9
2,2,0,3,4,12,13,13
2,2,0,2,2,12,12,11
1,2,0,3,4,10,10,10
3,2,0,3,0,18,16,16
2,3,0,3,0,13,13,13
2,2,1,4,2,13,12,12
2,2,0,3,0,11,11,10
2,1,0,3,0,16,15,15
2,2,0,2,0,12,11,12
2,2,0,3,4,10,10,10
3,2,0,2,0,13,13,13
1,3,1,2,0,7,6,0
1,2,0,2,0,11,10,10
2,3,0,2,10,14,12,11
2,2,2,2,4,7,7,9
1,3,0,3,3,14,12,12
3,1,0,4,8,13,11,11
1,1,0,5,14,6,5,5
3,2,0,4,0,19,18,19
3,4,0,3,2,8,8,10
3,2,2,4,4,15,14,15
2,1,0,4,4,8,9,10
2,1,0,1,0,15,15,15
2,1,0,5,17,10,10,10
2,1,0,2,4,15,14,14
1,2,0,4,5,7,6,7
2,2,0,4,2,11,11,10
1,2,1,3,0,6,5,0
1,2,1,4,14,6,5,5
3,2,0,3,2,10,9,10
1,3,0,4,7,6,5,6
3,1,1,4,0,7,5,0
2,1,0,3,0,7,9,8
2,2,1,1,0,6,5,0
2,1,2,5,11,9,9,9
1,2,0,4,3,14,16,16
1,1,3,5,3,10,8,7
1,3,0,4,0,11,12,10
1,1,0,2,5,8,9,9
2,2,0,3,4,0,11,11
2,1,0,3,2,9,11,11
2,1,0,3,6,12,13,12
3,1,0,2,0,14,14,14
2,1,0,3,0,11,13,13
2,1,0,4,6,12,12,13
2,1,0,4,0,13,12,13
2,2,0,1,2,10,13,13
2,1,0,2,0,15,16,17
2,1,0,5,0,12,12,13
2,1,0,3,2,14,14,14
3,3,0,2,0,10,12,13
1,1,0,3,0,12,13,12
2,2,0,4,0,12,12,13
3,1,0,5,0,14,14,15
1,1,0,4,6,17,17,17
3,1,0,2,10,13,13,14
2,3,0,3,2,13,14,14
1,1,3,5,2,8,8,7
1,1,0,1,6,12,12,12
2,1,0,4,0,12,13,14
1,1,0,4,0,11,12,12
2,1,0,5,0,12,13,14
2,2,0,4,2,10,10,10
3,1,0,3,2,10,11,10
1,1,0,2,6,10,11,12
1,1,0,2,8,11,12,12
1,1,0,2,0,11,11,11
2,1,0,3,2,12,12,13
2,1,0,4,4,12,11,12
2,1,0,4,0,10,11,11
2,2,0,3,2,15,15,15
2,1,0,5,0,13,14,15
2,1,0,3,0,13,12,12
1,1,0,4,4,12,12,12
1,2,0,5,4,11,11,11
3,1,0,4,0,14,14,14
3,2,0,4,4,13,13,13
3,1,0,3,2,11,12,12
1,1,0,3,8,14,13,12
2,2,0,3,16,11,11,10
1,1,0,4,8,10,11,11
2,1,0,3,0,14,15,15
1,1,0,4,0,9,10,10
2,2,1,3,14,10,11,11
2,1,0,2,4,10,11,11
2,1,0,3,6,13,12,13
4,1,0,2,2,17,17,17
2,1,0,3,4,11,12,13
2,1,0,4,2,13,12,12
2,3,0,3,0,14,13,13
2,1,0,3,0,16,14,16
1,2,0,5,4,10,9,9
1,1,0,3,0,13,12,12
1,1,0,3,0,13,12,13
2,1,0,3,2,12,13,12
2,1,0,3,0,15,14,15
2,1,0,2,8,15,15,16
2,1,0,3,0,14,13,14
2,1,0,2,2,16,15,16
2,1,0,4,0,17,16,16
1,4,0,5,0,10,10,16
2,1,0,4,0,13,13,10
3,1,0,4,0,14,13,13
2,1,0,4,0,13,12,12
2,3,0,4,2,16,15,16
4,1,0,3,0,11,12,12
4,1,0,3,0,10,9,10
2,2,0,1,0,11,10,11
4,2,0,4,6,15,15,15
4,2,0,3,2,13,11,11
4,1,0,3,0,11,9,10
2,1,0,3,2,13,11,11
1,1,0,3,0,13,13,14
2,1,0,3,4,11,11,11
2,1,0,3,0,11,11,11
4,2,0,4,0,12,11,11
4,1,0,2,1,13,13,13
1,2,3,5,0,9,9,10
2,1,0,4,14,12,11,11
1,1,0,2,0,11,11,12
3,1,0,3,2,10,9,9
2,1,0,4,4,12,11,11
2,2,0,3,2,13,12,13
2,1,0,3,2,13,12,12
2,2,0,4,4,12,11,12
2,1,0,3,6,13,11,11
3,1,0,3,4,15,15,15
2,2,0,4,6,12,10,11
2,1,0,1,6,9,9,10
3,1,0,3,2,9,11,11
1,1,0,5,6,14,13,13
2,1,0,3,0,12,13,12
2,2,0,3,2,13,14,14
4,1,0,3,2,11,12,12
4,2,0,1,4,13,13,13
1,2,0,3,6,9,11,11
2,1,0,3,0,13,12,12
1,1,0,3,4,12,13,13
3,1,0,3,2,12,13,13
1,1,0,5,12,9,9,8
3,1,0,4,0,16,16,16
1,1,0,3,2,12,13,12
2,2,0,3,16,11,10,10
2,1,0,4,0,16,16,16
4,1,0,3,10,10,10,10
4,1,0,1,4,10,10,10
3,1,0,3,4,13,14,14
4,4,0,3,8,12,10,11
3,1,0,4,2,15,15,14
1,1,0,5,4,13,14,14
3,1,0,1,4,11,11,11
2,1,1,1,12,8,10,10
1,1,0,5,10,18,17,18
2,1,0,4,4,10,9,10
2,1,0,4,6,16,14,14
2,2,0,4,4,16,15,16
1,2,0,4,6,14,14,15
2,3,1,2,14,12,11,11
1,1,0,4,2,14,13,14
2,1,0,2,0,14,14,14
4,1,0,5,6,14,13,13
2,2,0,2,2,14,12,13
1,1,0,4,4,12,13,13
2,1,0,4,0,12,11,11
1,1,0,5,2,9,9,9
2,1,0,3,0,10,11,11
2,1,2,4,0,9,10,11
1,1,0,5,8,14,14,15
3,2,0,2,4,13,12,13
3,2,0,2,0,10,11,12
2,1,3,4,10,10,9,8
1,3,0,2,8,11,10,11
1,3,0,3,6,11,12,13
1,1,0,4,2,13,12,12
1,1,0,2,12,15,13,14
1,4,0,2,4,9,9,11
1,1,1,3,12,13,11,11
2,4,0,3,2,12,11,11
3,1,0,3,4,13,14,15
2,3,0,4,2,10,9,10
2,4,0,1,0,14,13,13
1,2,0,3,2,11,11,12
3,1,0,3,10,12,11,11
1,2,0,3,8,12,11,11
1,2,0,3,4,9,9,10
2,1,2,4,0,10,10,10
1,2,0,3,6,13,14,14
1,3,1,5,2,8,9,9
4,2,0,2,6,9,11,11
2,1,0,3,24,9,8,9
3,1,0,3,0,15,13,13
1,2,0,3,4,12,11,11
3,1,0,2,2,13,13,13
1,1,0,4,4,10,11,11
1,1,0,4,22,9,7,6
2,1,0,4,0,12,12,12
1,2,0,4,0,11,10,10
2,1,1,3,2,11,11,11
2,1,0,3,6,13,12,13
2,1,0,3,6,11,11,11
1,1,0,3,16,9,9,8
1,4,0,5,0,12,11,11
1,1,2,3,0,11,9,0
1,1,1,4,6,9,10,10
3,2,0,2,2,13,13,13
1,1,0,5,6,11,9,11
1,1,0,2,0,13,13,13
2,1,0,4,0,7,8,8
1,1,3,2,14,9,8,10
1,3,3,2,6,11,10,11
1,3,0,2,4,12,10,11
2,1,1,5,0,10,10,1
1,2,2,4,0,9,8,10
1,2,1,3,8,8,8,9
2,2,2,4,4,7,6,8
1,2,0,4,2,8,9,10
1,1,1,3,2,9,8,8
2,4,0,3,0,8,8,8
1,2,3,5,10,8,7,8
2,1,0,3,0,9,10,11
2,1,0,2,0,17,17,18
2,1,0,1,0,12,12,13
2,1,0,4,0,16,16,17
1,3,1,4,4,9,9,10
2,2,0,3,0,16,17,18
2,1,0,4,0,11,9,10
2,1,0,3,0,14,13,13
2,2,0,4,0,14,14,15
2,2,0,4,0,10,11,11
2,2,0,4,0,13,12,14
2,1,0,3,4,11,9,10
1,1,0,3,8,10,9,11
2,1,0,2,4,11,11,13
2,1,0,4,4,11,10,11
2,1,0,2,0,11,12,13
2,1,0,4,0,17,18,17
2,1,0,3,32,14,13,14
2,1,0,2,8,14,15,16
2,1,0,3,6,11,13,14
1,1,0,3,0,10,9,11
2,1,0,2,0,13,14,16
2,1,0,3,10,12,13,14
2,1,0,1,6,9,9,10
2,1,0,3,6,12,12,13
2,1,0,3,0,12,11,12
2,2,0,4,16,10,11,12
1,1,0,3,0,11,10,10
1,2,0,3,0,13,12,12
2,1,0,3,8,14,15,16
1,1,0,2,4,13,13,14
1,3,0,3,16,10,11,12
1,2,1,2,30,14,15,16
2,1,0,5,0,11,10,11
2,1,0,3,2,14,14,15
2,1,0,4,4,11,12,12
2,1,0,4,0,14,15,15
1,1,0,3,21,13,13,13
4,2,0,3,6,13,13,13
3,1,1,4,14,8,9,8
2,1,0,3,2,11,11,12
2,1,0,3,4,14,15,15
1,2,0,3,2,12,13,13
3,2,0,4,0,11,12,12
4,1,0,3,4,12,12,12
2,1,0,3,15,13,12,12
2,1,0,3,0,13,13,13
2,1,0,4,10,12,11,11
1,1,0,2,6,12,11,11
2,2,0,4,2,14,16,15
2,1,0,4,16,11,9,10
2,1,0,2,10,10,10,10
1,2,0,3,4,12,13,13
3,1,0,3,0,12,12,13
2,2,0,2,0,11,10,11
3,1,0,3,12,12,12,12
2,1,0,3,0,13,13,14
2,2,3,3,9,10,9,10
3,1,0,3,4,15,16,16
2,1,0,3,4,8,8,8
2,1,0,3,2,17,18,17
2,1,0,3,0,10,11,11
2,4,0,3,2,9,10,11
3,2,0,2,0,15,15,16
2,1,0,2,0,14,12,12
2,2,0,5,0,12,13,13
2,1,0,5,0,13,13,13
2,1,0,2,0,13,13,14
2,2,0,4,2,9,9,9
3,2,0,3,0,12,12,12
2,1,0,4,0,16,16,16
1,1,0,5,4,9,10,10
2,1,0,3,0,14,13,13
2,2,1,3,18,10,10,10
2,1,1,3,16,9,8,10
1,2,1,1,14,8,7,7
1,1,1,4,26,7,8,8
1,1,0,2,6,10,8,9
2,1,0,4,4,14,14,15
3,1,0,3,10,11,10,10
1,1,0,3,4,12,11,11
2,3,0,1,2,13,13,13
1,4,1,5,14,9,9,8
2,1,0,5,16,8,7,8
1,1,1,1,8,11,9,10
3,2,0,3,4,15,14,15
2,1,0,3,4,15,14,14
2,2,0,5,8,15,15,15
2,2,0,3,0,12,12,12
1,1,0,4,7,14,14,15
1,1,0,3,4,14,15,15
2,1,0,3,2,11,11,12
3,2,0,3,2,13,14,15
3,2,0,2,10,11,11,11
2,1,0,3,10,10,9,10
3,2,0,4,10,12,10,11
1,3,0,3,7,15,16,16
2,1,0,3,4,11,10,11
1,2,0,2,2,9,12,13
1,1,3,4,12,7,8,5
2,1,0,3,8,10,9,10
1,1,0,3,0,11,12,11
1,2,0,4,8,7,8,7
2,3,1,3,4,9,11,10
1,1,2,2,4,7,8,6
1,2,0,3,2,14,13,12
1,1,0,4,0,12,12,13
1,2,1,4,0,9,10,10
2,1,0,3,2,12,12,13
4,1,0,2,2,14,15,17
2,1,0,3,0,10,10,11
2,3,1,4,4,11,10,11
3,1,0,3,2,11,12,14
3,1,0,4,4,11,12,14
2,1,0,2,4,11,11,13
2,1,0,3,4,11,13,14
2,1,0,2,2,16,16,16
1,2,0,2,0,9,10,10
4,1,0,4,2,10,11,12
2,2,0,2,8,10,12,12
2,1,0,1,2,15,15,15
2,1,0,3,2,10,10,11
3,1,0,3,2,10,11,12
3,1,0,2,2,15,12,13
3,1,0,3,0,11,12,13
1,2,0,4,8,8,8,9
2,2,0,2,6,15,16,16
2,1,0,4,0,11,11,14
2,2,0,3,8,10,11,12
2,1,0,4,4,10,12,14
2,2,0,3,12,8,9,10
2,1,0,3,16,11,12,12
4,1,0,5,10,16,16,16
2,2,0,4,2,13,13,13
2,1,0,5,2,16,17,18
2,1,0,2,8,14,14,15
2,2,0,3,6,15,16,16
2,2,0,4,6,12,12,12
2,2,0,1,15,12,9,10
1,2,0,2,6,11,12,12
2,1,1,4,2,14,12,13
3,3,0,2,8,13,15,15
2,1,1,3,0,9,8,10
1,2,0,2,0,10,10,10
1,2,0,4,10,10,10,11
1,2,0,5,22,11,11,10
1,1,0,4,18,13,13,13
4,2,0,2,2,17,17,18
2,2,0,4,0,12,13,13
2,1,0,4,12,12,12,14
2,2,0,3,10,12,13,14
2,1,0,3,0,12,12,12
3,1,0,3,0,18,18,18
3,1,0,3,0,13,13,14
3,1,0,2,0,14,15,15
2,1,0,4,0,17,17,17
2,1,0,3,2,15,16,16
3,1,0,2,0,17,18,18
4,2,0,1,0,18,19,19
3,2,0,4,0,14,15,15
1,1,0,4,0,14,15,15
2,2,0,3,2,14,13,13
2,2,0,4,0,13,14,14
4,1,0,3,0,16,17,17
1,1,0,4,0,18,18,17
2,1,0,2,0,14,15,15
1,2,0,1,0,12,13,13
3,2,0,3,0,7,7,8
3,2,0,3,0,16,16,16
4,1,0,2,0,18,18,18
3,2,1,3,0,9,10,11
1,1,2,5,0,14,15,15
2,1,0,5,0,10,10,11
2,1,0,4,2,10,10,11
2,2,0,3,2,12,12,15
2,2,0,2,2,11,12,14
1,1,0,4,2,15,16,17
3,1,0,3,2,14,15,17
1,2,0,2,8,12,12,15
3,1,0,3,2,15,15,17
2,1,0,1,8,11,12,14
2,2,0,4,9,11,10,10
2,1,0,4,0,12,11,13
1,1,0,4,4,11,12,14
1,1,0,3,2,14,15,17
2,1,0,2,14,15,14,17
2,1,0,3,0,12,12,13
2,1,0,2,2,11,12,14
1,1,0,2,2,8,9,11
3,3,0,5,12,10,10,11
2,3,2,3,2,8,8,9
1,1,0,3,2,10,10,10
2,1,0,2,4,14,13,13
3,1,0,3,0,11,11,10
3,1,0,4,0,17,18,17
3,2,0,3,0,14,14,15
3,2,0,5,0,14,14,14
3,1,0,3,0,13,14,13
1,1,0,3,0,17,18,17
1,4,0,4,2,11,10,10
3,1,0,4,0,13,12,13
3,2,0,3,4,15,14,15
1,1,0,2,2,11,12,11
4,1,0,5,0,11,11,12
1,1,0,3,0,11,10,10
2,4,0,2,2,10,9,10
3,1,0,4,0,15,15,15
1,1,0,4,6,15,14,15
2,1,0,3,8,10,11,12
2,1,0,3,0,10,9,12
4,2,0,4,6,14,13,14
3,1,0,4,8,11,13,14
2,1,0,3,0,12,13,15
4,1,0,3,4,14,14,15
2,1,0,3,0,14,14,16
2,1,0,3,0,12,12,13
2,1,0,3,6,16,16,17
2,1,0,3,18,10,12,14
3,1,0,3,0,11,12,14
3,1,0,4,4,14,16,17
3,1,0,3,4,15,14,17
3,1,0,4,0,14,13,14
3,1,0,4,0,11,12,13
2,2,0,3,10,12,15,15
2,1,0,3,4,12,16,16
1,2,1,2,16,10,11,11
1,1,1,1,6,10,13,13
3,1,2,3,0,9,12,12
2,1,0,4,11,9,11,12
2,1,0,3,9,13,14,15
2,1,0,3,0,13,17,17
3,1,0,4,2,12,15,15
2,1,0,2,0,14,17,17
2,2,2,3,21,9,10,10
3,2,0,2,8,11,15,15
1,1,1,2,5,9,10,11
2,1,0,4,10,16,18,18
3,1,0,3,5,14,17,17
1,1,0,1,13,13,14,14
1,1,0,3,10,7,11,11
2,2,0,1,10,14,17,17
1,2,1,3,5,8,10,10
2,1,0,1,4,10,13,13
1,2,0,3,11,10,11,11
2,2,0,4,0,12,12,12
1,1,1,1,6,10,10,10
1,2,0,4,4,10,10,11
2,2,0,5,0,16,17,17
1,2,0,3,0,6,8,9
2,1,0,3,5,10,11,11
3,1,0,4,0,10,11,11
2,1,1,5,0,10,10,10
1,1,1,4,0,6,6,7
1,2,0,5,0,13,14,14
4,2,0,2,4,10,9,11
2,2,0,4,0,10,10,10
1,2,1,4,4,6,7,8
1,2,0,2,0,12,11,12
1,2,0,5,2,10,11,12
1,2,0,1,0,14,16,16
2,2,0,4,0,7,0,0
2,1,0,4,4,8,9,9
2,1,0,3,0,12,13,14
2,1,0,3,7,7,9,8
2,3,0,4,4,9,10,11
2,4,0,4,8,7,9,9
2,1,0,3,0,11,11,11
1,3,0,5,8,8,10,9
3,2,0,2,6,16,16,17
1,2,0,1,3,11,13,13
2,3,0,5,2,15,15,15
2,2,0,3,0,10,11,11
2,3,0,4,4,9,10,11
3,1,1,3,0,10,8,8
3,1,1,3,3,9,8,8
2,1,0,4,0,9,10,9
2,1,0,4,0,13,14,15
1,1,0,5,4,10,11,11
4,4,0,3,0,13,10,13
3,4,0,4,2,10,9,10
2,2,0,3,1,11,10,11
1,2,0,2,0,13,12,14
2,3,0,2,0,13,14,14
3,1,0,4,2,14,11,12
1,2,0,4,6,11,11,11
2,1,1,4,9,9,8,8
1,2,0,2,0,10,9,11
2,3,0,3,1,14,13,14
1,3,0,3,1,13,12,13
2,1,0,3,0,13,12,13
2,1,0,5,4,13,12,12
2,2,1,4,2,12,11,12
1,3,0,3,0,14,14,16
1,2,0,4,4,10,8,10
1,3,0,2,2,10,11,11
3,2,0,3,0,12,13,14
1,1,0,4,2,10,8,8
1,2,0,3,11,12,10,11
2,2,3,4,0,7,7,8
1,1,0,5,4,9,9,10
1,1,1,4,0,9,9,10
1,3,0,5,2,9,10,11
1,2,0,2,0,9,10,9
2,3,0,4,1,9,10,11
1,1,0,3,6,7,7,8
2,2,0,3,0,11,10,11
1,1,1,4,1,9,10,10
3,2,2,3,6,7,9,10
3,1,1,3,6,7,9,9
1,2,1,4,0,8,9,10
1,2,1,2,4,9,11,10
2,2,1,1,12,7,8,9
2,1,0,3,2,8,10,10
1,2,0,4,5,9,9,10
2,1,0,4,0,8,9,9
1,1,0,5,0,14,13,13
1,1,0,4,2,14,14,14
4,2,1,4,0,10,11,10
2,1,0,3,0,14,13,14
1,1,0,2,0,17,16,16
1,1,1,3,12,6,7,7
1,1,0,2,8,14,12,13
4,3,1,3,2,10,8,9
4,1,0,2,0,14,14,14
3,1,0,4,0,12,13,13
1,2,0,4,0,11,11,11
2,2,1,3,8,11,9,10
3,1,0,3,0,11,11,10
1,3,1,4,0,10,9,9
2,3,0,3,0,16,17,18
2,2,0,3,0,15,17,17
2,2,0,4,1,11,9,10
2,1,1,3,9,7,7,7
1,1,0,1,0,8,6,8
1,1,0,1,2,7,6,7
2,2,0,3,8,9,8,10
2,1,0,3,0,14,16,16
1,2,0,4,0,14,14,15
2,1,1,3,8,8,5,8
2,2,0,2,0,8,7,0
2,3,0,3,6,6,8,8
2,2,0,3,0,8,10,10
2,1,0,3,4,8,8,8
4,1,0,5,2,5,6,6
2,3,0,2,2,7,9,8
3,1,0,4,0,15,14,16
1,1,0,2,1,13,14,14
3,4,0,1,0,10,9,10
1,1,0,1,5,9,9,9
1,2,0,1,1,11,11,11
1,1,0,1,8,7,10,9
2,3,0,1,0,10,10,10
2,2,0,2,2,9,7,8
2,1,0,2,0,14,15,16
1,1,0,1,0,11,12,12
2,3,0,5,11,9,11,10
4,3,0,4,8,13,14,14
1,1,0,3,11,12,13,12
3,1,0,3,2,11,11,11
2,2,0,2,8,9,10,10
1,2,0,3,5,9,11,11
2,2,0,1,0,11,9,11
3,2,0,3,1,10,11,12
1,3,3,3,2,9,9,8
1,2,0,1,2,12,11,12
2,1,1,4,8,8,9,8
2,1,0,2,0,13,15,16
1,1,0,1,0,10,11,11
2,1,0,5,2,11,10,11
2,2,0,3,0,17,18,18
2,2,0,1,0,12,13,13
2,2,0,1,0,13,14,13
2,1,2,4,2,9,9,10
1,1,0,1,4,11,11,12
1,2,0,5,3,10,11,10
3,1,0,3,5,13,14,13
1,1,0,4,4,9,10,11
2,2,3,4,2,7,9,10
1,2,0,5,0,8,13,10
1,3,1,3,0,12,12,13
1,2,0,5,0,10,9,10
2,2,0,3,6,10,9,10
2,1,0,4,0,11,13,12
1,1,1,2,0,7,0,0
1,2,0,5,2,11,9,10
1,2,0,5,0,10,10,9
1,2,1,3,2,9,7,9
1,1,1,3,0,4,0,0
1,2,3,2,4,6,11,9
2,1,2,4,9,4,8,8
1,2,0,4,6,7,8,8
1,2,3,4,4,8,9,9
2,2,2,5,8,5,5,7
1,1,0,3,9,7,9,10
1,2,1,4,12,8,11,10
1,1,0,4,8,10,11,10
1,2,0,5,8,9,10,11
2,3,1,4,8,10,9,11
2,2,1,5,4,8,9,10
1,1,0,3,0,9,10,9
1,3,1,4,4,8,9,10
2,2,2,3,2,6,8,8
1,1,0,4,0,6,8,7
1,2,1,5,0,8,6,0
1,2,0,4,0,10,11,11
3,2,0,2,5,8,7,8
2,1,0,5,0,8,8,0
2,1,1,3,3,7,6,8
1,1,0,2,0,8,10,9
1,1,0,5,0,7,10,10
2,3,2,4,3,7,8,7
2,2,0,3,2,12,13,14
1,2,0,4,0,11,12,13
2,2,0,4,0,12,13,14
2,2,0,3,0,18,18,18
1,1,0,4,3,17,17,17
2,2,0,3,0,17,18,18
2,3,1,3,0,9,0,0
1,2,0,1,8,10,11,11
1,3,0,5,5,12,13,14
1,3,0,2,4,12,13,14
2,2,0,3,4,8,8,10
3,2,0,4,0,11,12,13
2,1,0,3,0,5,0,0
2,3,1,4,2,9,10,10
1,2,1,5,0,5,0,0
4,2,0,2,0,18,18,18
2,2,0,3,5,11,11,12
2,1,0,2,2,8,10,11
2,2,0,1,0,11,11,12
2,2,3,5,0,8,0,0
3,2,0,2,5,14,14,15
2,2,1,5,4,10,11,11
2,1,0,3,0,10,10,10
2,2,0,3,2,12,12,12
2,2,0,2,0,15,14,15
1,2,0,3,2,14,13,14
3,2,0,3,0,19,17,18
2,3,0,3,0,16,15,15
2,2,0,3,6,13,12,13
2,1,0,3,4,15,14,15
2,2,0,2,0,13,13,13
2,2,0,3,0,8,10,9
3,2,0,2,0,15,16,16
1,3,1,2,0,8,8,9
1,2,0,2,0,10,10,10
2,3,0,2,0,7,5,0
1,3,0,3,3,9,10,10
3,1,0,4,8,10,11,12
1,1,0,5,4,7,8,9
3,2,0,4,0,15,17,17
3,4,0,3,4,10,11,12
2,2,1,3,4,7,8,9
2,1,0,4,1,13,14,14
2,1,0,1,1,16,16,16
2,1,0,5,10,8,9,9
2,1,0,2,4,17,18,19
1,2,0,4,0,7,7,0
2,2,0,4,4,14,15,16
1,2,1,3,0,5,8,0
1,2,1,4,0,7,7,0
3,2,0,3,0,14,17,15
2,2,0,5,0,6,9,11
1,3,0,4,4,7,9,10
3,1,1,4,4,10,11,10
2,1,0,3,4,15,15,16
2,2,0,1,6,11,12,9
1,2,0,4,6,10,10,10
1,3,0,4,4,10,11,11
